year,service,percentage,recall_period,population,sample_n,source_report,source_pdf_page,question
2025,Netflix,57,Past 7 days,All adult respondents,4396,television-media-survey-2025-summary-report.pdf,46,C1b
2025,Amazon Prime Video,23,Past 7 days,All adult respondents,4396,television-media-survey-2025-summary-report.pdf,46,C1b
2025,Disney+,21,Past 7 days,All adult respondents,4396,television-media-survey-2025-summary-report.pdf,46,C1b
2025,Stan,14,Past 7 days,All adult respondents,4396,television-media-survey-2025-summary-report.pdf,46,C1b
2025,Kayo Sports,12,Past 7 days,All adult respondents,4396,television-media-survey-2025-summary-report.pdf,46,C1b
2025,Paramount+,11,Past 7 days,All adult respondents,4396,television-media-survey-2025-summary-report.pdf,46,C1b
2025,Binge,8,Past 7 days,All adult respondents,4396,television-media-survey-2025-summary-report.pdf,46,C1b
2025,Apple TV+,7,Past 7 days,All adult respondents,4396,television-media-survey-2025-summary-report.pdf,46,C1b
2025,HBO Max,6,Past 7 days,All adult respondents,4396,television-media-survey-2025-summary-report.pdf,46,C1b
2025,Stan Sport,4,Past 7 days,All adult respondents,4396,television-media-survey-2025-summary-report.pdf,47,C1b
2025,Twitch,4,Past 7 days,All adult respondents,4396,television-media-survey-2025-summary-report.pdf,47,C1b
2025,NRL Live,4,Past 7 days,All adult respondents,4396,television-media-survey-2025-summary-report.pdf,47,C1b
2025,Crunchyroll,3,Past 7 days,All adult respondents,4396,television-media-survey-2025-summary-report.pdf,47,C1b
2025,BritBox,3,Past 7 days,All adult respondents,4396,television-media-survey-2025-summary-report.pdf,47,C1b
2025,Tubi,3,Past 7 days,All adult respondents,4396,television-media-survey-2025-summary-report.pdf,47,C1b
2025,Fetch TV including Fetch by Optus,2,Past 7 days,All adult respondents,4396,television-media-survey-2025-summary-report.pdf,47,C1b
2025,Apple TV Store,2,Past 7 days,All adult respondents,4396,television-media-survey-2025-summary-report.pdf,47,C1b
2025,Google TV,2,Past 7 days,All adult respondents,4396,television-media-survey-2025-summary-report.pdf,47,C1b
2025,Cricket Australia Live,2,Past 7 days,All adult respondents,4396,television-media-survey-2025-summary-report.pdf,47,C1b
2025,Hayu,1,Past 7 days,All adult respondents,4396,television-media-survey-2025-summary-report.pdf,47,C1b
2025,YouTube,66,Past 7 days,All adult respondents,4396,television-media-survey-2025-summary-report.pdf,47,C1c
2025,YouTube Premium,12,Past 7 days,All adult respondents,4396,television-media-survey-2025-summary-report.pdf,47,C1c
