year,media_type,average_hours_per_week,population,source_report,source_pdf_page,question
2022,Online subscription services,8.2,Users of this platform in past 7 days,television-media-survey-2025-summary-report.pdf,52,C2
2023,Online subscription services,8.3,Users of this platform in past 7 days,television-media-survey-2025-summary-report.pdf,52,C2
2024,Online subscription services,8.3,Users of this platform in past 7 days,television-media-survey-2025-summary-report.pdf,52,C2
2025,Online subscription services,8.3,Users of this platform in past 7 days,television-media-survey-2025-summary-report.pdf,52,C2
2022,Free video streaming services,5.8,Users of this platform in past 7 days,television-media-survey-2025-summary-report.pdf,52,C2
2023,Free video streaming services,6.6,Users of this platform in past 7 days,television-media-survey-2025-summary-report.pdf,52,C2
2024,Free video streaming services,6.5,Users of this platform in past 7 days,television-media-survey-2025-summary-report.pdf,52,C2
2025,Free video streaming services,6.8,Users of this platform in past 7 days,television-media-survey-2025-summary-report.pdf,52,C2
2022,Other websites or apps,6.2,Users of this platform in past 7 days,television-media-survey-2025-summary-report.pdf,53,C2
2023,Other websites or apps,6.8,Users of this platform in past 7 days,television-media-survey-2025-summary-report.pdf,53,C2
2024,Other websites or apps,7,Users of this platform in past 7 days,television-media-survey-2025-summary-report.pdf,53,C2
2025,Other websites or apps,7.4,Users of this platform in past 7 days,television-media-survey-2025-summary-report.pdf,53,C2
2022,Commercial free-to-air TV excluding on-demand,9.1,Users of this platform in past 7 days,television-media-survey-2025-summary-report.pdf,53,C2
2023,Commercial free-to-air TV excluding on-demand,8.2,Users of this platform in past 7 days,television-media-survey-2025-summary-report.pdf,53,C2
2024,Commercial free-to-air TV excluding on-demand,8.6,Users of this platform in past 7 days,television-media-survey-2025-summary-report.pdf,53,C2
2025,Commercial free-to-air TV excluding on-demand,8,Users of this platform in past 7 days,television-media-survey-2025-summary-report.pdf,53,C2
2022,Public free-to-air TV excluding on-demand,6.8,Users of this platform in past 7 days,television-media-survey-2025-summary-report.pdf,54,C2
2023,Public free-to-air TV excluding on-demand,6.2,Users of this platform in past 7 days,television-media-survey-2025-summary-report.pdf,54,C2
2024,Public free-to-air TV excluding on-demand,6.3,Users of this platform in past 7 days,television-media-survey-2025-summary-report.pdf,54,C2
2025,Public free-to-air TV excluding on-demand,6.3,Users of this platform in past 7 days,television-media-survey-2025-summary-report.pdf,54,C2
2022,Public free-to-air on-demand TV,4.9,Users of this platform in past 7 days,television-media-survey-2025-summary-report.pdf,54,C2
2023,Public free-to-air on-demand TV,4.6,Users of this platform in past 7 days,television-media-survey-2025-summary-report.pdf,54,C2
2024,Public free-to-air on-demand TV,4.8,Users of this platform in past 7 days,television-media-survey-2025-summary-report.pdf,54,C2
2025,Public free-to-air on-demand TV,4.8,Users of this platform in past 7 days,television-media-survey-2025-summary-report.pdf,54,C2
2022,Commercial free-to-air on-demand TV,5.3,Users of this platform in past 7 days,television-media-survey-2025-summary-report.pdf,54,C2
2023,Commercial free-to-air on-demand TV,5.1,Users of this platform in past 7 days,television-media-survey-2025-summary-report.pdf,54,C2
2024,Commercial free-to-air on-demand TV,5,Users of this platform in past 7 days,television-media-survey-2025-summary-report.pdf,54,C2
2025,Commercial free-to-air on-demand TV,4.9,Users of this platform in past 7 days,television-media-survey-2025-summary-report.pdf,54,C2
2022,Sports specific website or app,5.1,Users of this platform in past 7 days,television-media-survey-2025-summary-report.pdf,55,C2
2023,Sports specific website or app,5.6,Users of this platform in past 7 days,television-media-survey-2025-summary-report.pdf,55,C2
2024,Sports specific website or app,5.3,Users of this platform in past 7 days,television-media-survey-2025-summary-report.pdf,55,C2
2025,Sports specific website or app,4.8,Users of this platform in past 7 days,television-media-survey-2025-summary-report.pdf,55,C2
2022,Pay TV,9.5,Users of this platform in past 7 days,television-media-survey-2025-summary-report.pdf,55,C2
2023,Pay TV,8.7,Users of this platform in past 7 days,television-media-survey-2025-summary-report.pdf,55,C2
2024,Pay TV,9.6,Users of this platform in past 7 days,television-media-survey-2025-summary-report.pdf,55,C2
2025,Pay TV,8.9,Users of this platform in past 7 days,television-media-survey-2025-summary-report.pdf,55,C2
